{
	"info": {
		"_postman_id": "410ebe55-4d18-43d9-b82b-132ac9210d4f",
		"name": "on-target-romance",
		"schema": "https://schema.getpostman.com/json/collection/v2.1.0/collection.json"
	},
	"item": [
		{
			"name": "users",
			"item": [
				{
					"name": "User signup step 1",
					"request": {
						"method": "POST",
						"header": [
							{
								"key": "Content-Type",
								"value": "application/json"
							}
						],
						"body": {
							"mode": "raw",
							"raw": "{\n\t\"type_id\": 1,\n\t\"display_name\": \"Akib Deraiya\",\n\t\"email\": \"akibderaiya123+9@gmail.com\",\n\t\"password\": \"akib123456\",\n\t\"country_id\": 1\n}"
						},
						"url": {
							"raw": "{{api_base_url}}/api/v1/signup/step/1",
							"host": [
								"{{api_base_url}}"
							],
							"path": [
								"api",
								"v1",
								"signup",
								"step",
								"1"
							]
						}
					},
					"response": []
				},
				{
					"name": "Resend OTP",
					"request": {
						"method": "POST",
						"header": [
							{
								"key": "Content-Type",
								"value": "application/json"
							}
						],
						"body": {
							"mode": "raw",
							"raw": "{\n\t\"email\": \"akibderaiya123+11@gmail.com\"\n}"
						},
						"url": {
							"raw": "{{api_base_url}}/api/v1/resend/otp",
							"host": [
								"{{api_base_url}}"
							],
							"path": [
								"api",
								"v1",
								"resend",
								"otp"
							]
						}
					},
					"response": []
				},
				{
					"name": "Verify otp with email",
					"request": {
						"method": "PUT",
						"header": [
							{
								"key": "Content-Type",
								"value": "application/json"
							}
						],
						"body": {
							"mode": "raw",
							"raw": "{\n\t\"email\": \"akibderaiya123+9@gmail.com\",\n\t\"otp\": 606942\n}"
						},
						"url": {
							"raw": "{{api_base_url}}/api/v1/verify/email",
							"host": [
								"{{api_base_url}}"
							],
							"path": [
								"api",
								"v1",
								"verify",
								"email"
							]
						}
					},
					"response": []
				},
				{
					"name": "Add payment details",
					"request": {
						"method": "PUT",
						"header": [
							{
								"key": "Content-Type",
								"value": "application/json"
							}
						],
						"body": {
							"mode": "raw",
							"raw": "{\n\t\"email\": \"akibderaiya123+9@gmail.com\",\n\t\"otp\": 606942\n}"
						},
						"url": {
							"raw": "{{api_base_url}}/api/v1/pay/membership/1",
							"host": [
								"{{api_base_url}}"
							],
							"path": [
								"api",
								"v1",
								"pay",
								"membership",
								"1"
							]
						}
					},
					"response": []
				},
				{
					"name": "Forgot password by email",
					"request": {
						"method": "POST",
						"header": [
							{
								"key": "Content-Type",
								"value": "application/json"
							}
						],
						"body": {
							"mode": "raw",
							"raw": "{\n\t\"email\": \"akibderaiya123+11@gmail.com\"\n}"
						},
						"url": {
							"raw": "{{api_base_url}}/api/v1/forgot/password",
							"host": [
								"{{api_base_url}}"
							],
							"path": [
								"api",
								"v1",
								"forgot",
								"password"
							]
						}
					},
					"response": []
				},
				{
					"name": "Reset  password by forgot-password-string",
					"request": {
						"method": "PUT",
						"header": [
							{
								"key": "Content-Type",
								"value": "application/json"
							}
						],
						"body": {
							"mode": "raw",
							"raw": "{\n\t\"forgot_password_code\": \"06MIW5NmBweaWDTtwCIecRKIryBwSTsSm4shMC97Ove4gSpR\",\n\t\"password\": \"abcd123\",\n\t\"confirmPassword\": \"abcd123\"\n}"
						},
						"url": {
							"raw": "{{api_base_url}}/api/v1/reset/password",
							"host": [
								"{{api_base_url}}"
							],
							"path": [
								"api",
								"v1",
								"reset",
								"password"
							]
						}
					},
					"response": []
				},
				{
					"name": "login",
					"request": {
						"method": "POST",
						"header": [
							{
								"key": "Content-Type",
								"value": "application/json"
							}
						],
						"body": {
							"mode": "raw",
							"raw": "{\n\t\"email\": \"akibderaiya123+33@gmail.com\",\n\t\"password\": \"Akib@123\"\n}"
						},
						"url": {
							"raw": "{{api_base_url}}/api/v1/login",
							"host": [
								"{{api_base_url}}"
							],
							"path": [
								"api",
								"v1",
								"login"
							]
						}
					},
					"response": []
				},
				{
					"name": "Profile setup after otp verification",
					"request": {
						"method": "PUT",
						"header": [
							{
								"key": "Content-Type",
								"value": "application/x-www-form-urlencoded"
							}
						],
						"body": {
							"mode": "formdata",
							"formdata": [
								{
									"key": "details",
									"value": "JSON schema here",
									"type": "text"
								},
								{
									"key": "profile",
									"type": "file",
									"src": ""
								}
							]
						},
						"url": {
							"raw": "{{api_base_url}}/api/v1/profile/setup",
							"host": [
								"{{api_base_url}}"
							],
							"path": [
								"api",
								"v1",
								"profile",
								"setup"
							]
						}
					},
					"response": []
				},
				{
					"name": "Get user profile",
					"request": {
						"method": "GET",
						"header": [
							{
								"key": "x-authorization",
								"value": "eyJhbGciOiJIUzI1NiIsInR5cCI6IkpXVCJ9.eyJpZCI6MywiaWF0IjoxNTU5MzE5NDI4LCJleHAiOjE1NTk0MDU4Mjh9._-RiLdBRbU7cq6uPJSRu7w1PyXIMioHxv4mkL2OBxMs",
								"type": "text"
							}
						],
						"body": {
							"mode": "raw",
							"raw": ""
						},
						"url": {
							"raw": "{{api_base_url}}/api/v1/user/profile",
							"host": [
								"{{api_base_url}}"
							],
							"path": [
								"api",
								"v1",
								"user",
								"profile"
							]
						}
					},
					"response": []
				}
			]
		},
		{
			"name": "common routes",
			"item": [
				{
					"name": "Get country list",
					"request": {
						"method": "GET",
						"header": [],
						"body": {
							"mode": "raw",
							"raw": ""
						},
						"url": {
							"raw": "{{api_base_url}}/api/v1/country",
							"host": [
								"{{api_base_url}}"
							],
							"path": [
								"api",
								"v1",
								"country"
							]
						}
					},
					"response": []
				},
				{
					"name": "Get user types and it's data",
					"request": {
						"method": "GET",
						"header": [],
						"body": {
							"mode": "raw",
							"raw": ""
						},
						"url": {
							"raw": "{{api_base_url}}/api/v1/user-type",
							"host": [
								"{{api_base_url}}"
							],
							"path": [
								"api",
								"v1",
								"user-type"
							]
						}
					},
					"response": []
				},
				{
					"name": "Get membership details",
					"request": {
						"method": "GET",
						"header": [],
						"body": {
							"mode": "raw",
							"raw": ""
						},
						"url": {
							"raw": "{{api_base_url}}/api/v1/membership/details/1",
							"host": [
								"{{api_base_url}}"
							],
							"path": [
								"api",
								"v1",
								"membership",
								"details",
								"1"
							]
						}
					},
					"response": []
				},
				{
					"name": "Get form schema",
					"request": {
						"method": "GET",
						"header": [
							{
								"key": "os",
								"value": "ios",
								"type": "text"
							},
							{
								"key": "plateform",
								"value": "mobile",
								"type": "text"
							}
						],
						"body": {
							"mode": "raw",
							"raw": ""
						},
						"url": {
							"raw": "{{api_base_url}}/api/v1/form-schema/AddAnEventJson",
							"host": [
								"{{api_base_url}}"
							],
							"path": [
								"api",
								"v1",
								"form-schema",
								"AddAnEventJson"
							]
						}
					},
					"response": []
				}
			]
		},
		{
			"name": "Events",
			"item": [
				{
					"name": "Add new customer",
					"request": {
						"method": "POST",
						"header": [
							{
								"key": "Content-Type",
								"value": "application/json"
							},
							{
								"key": "x-authorization",
								"value": "eyJhbGciOiJIUzI1NiIsInR5cCI6IkpXVCJ9.eyJpZCI6MSwiaWF0IjoxNTY1MjE1Mjk0LCJleHAiOjE1NjUzMDE2OTR9.UzxrmIvtMkANSZ7GR6kRKFZrRkYhEM6Il3bMXeZN3vw"
							}
						],
						"body": {
							"mode": "formdata",
							"formdata": [
								{
									"key": "avtar",
									"type": "file",
									"src": ""
								},
								{
									"key": "event_details",
									"value": "{\"glossary\": {\"title\": \"example glossary\"},\"GlossDiv\": {\"title\": \"S\",\"GlossList\": {\"GlossEntry\": {\"ID\": \"SGML\",\"SortAs\": \"SGML\",\"GlossTerm\": \"Standard Generalized Markup Language\",\"Acronym\": \"SGML\",\"Abbrev\": \"ISO 8879:1986\",\"GlossDef\": {\"para\": \"A meta-markup language, used to create markup languages such as DocBook.\",\"GlossSeeAlso\": [\"GML\",\"XML\"]},\"GlossSee\": \"markup\"}}}}",
									"type": "text"
								},
								{
									"key": "event_type",
									"value": "test",
									"type": "text"
								}
							]
						},
						"url": {
							"raw": "{{api_base_url}}/api/v1/event",
							"host": [
								"{{api_base_url}}"
							],
							"path": [
								"api",
								"v1",
								"event"
							]
						}
					},
					"response": []
				},
				{
					"name": "list all events by customer",
					"request": {
						"method": "GET",
						"header": [
							{
								"key": "Content-Type",
								"value": "application/json"
							},
							{
								"key": "x-authorization",
								"value": "eyJhbGciOiJIUzI1NiIsInR5cCI6IkpXVCJ9.eyJpZCI6MSwiaWF0IjoxNTY1MjE1Mjk0LCJleHAiOjE1NjUzMDE2OTR9.UzxrmIvtMkANSZ7GR6kRKFZrRkYhEM6Il3bMXeZN3vw"
							}
						],
						"body": {
							"mode": "raw",
							"raw": ""
						},
						"url": {
							"raw": "{{api_base_url}}/api/v1/events",
							"host": [
								"{{api_base_url}}"
							],
							"path": [
								"api",
								"v1",
								"events"
							]
						}
					},
					"response": []
				},
				{
					"name": "Fetch only one event detail",
					"request": {
						"method": "GET",
						"header": [
							{
								"key": "Content-Type",
								"value": "application/json"
							},
							{
								"key": "x-authorization",
								"value": "eyJhbGciOiJIUzI1NiIsInR5cCI6IkpXVCJ9.eyJpZCI6MSwiaWF0IjoxNTY1MjE1Mjk0LCJleHAiOjE1NjUzMDE2OTR9.UzxrmIvtMkANSZ7GR6kRKFZrRkYhEM6Il3bMXeZN3vw"
							}
						],
						"body": {
							"mode": "raw",
							"raw": ""
						},
						"url": {
							"raw": "{{api_base_url}}/api/v1/event/1",
							"host": [
								"{{api_base_url}}"
							],
							"path": [
								"api",
								"v1",
								"event",
								"1"
							]
						}
					},
					"response": []
				},
				{
					"name": "Update event",
					"request": {
						"method": "PUT",
						"header": [
							{
								"key": "Content-Type",
								"value": "application/json"
							},
							{
								"key": "x-authorization",
								"value": "eyJhbGciOiJIUzI1NiIsInR5cCI6IkpXVCJ9.eyJpZCI6MSwiaWF0IjoxNTY1MjE1Mjk0LCJleHAiOjE1NjUzMDE2OTR9.UzxrmIvtMkANSZ7GR6kRKFZrRkYhEM6Il3bMXeZN3vw"
							}
						],
						"body": {
							"mode": "formdata",
							"formdata": [
								{
									"key": "avtar",
									"type": "file",
									"src": ""
								},
								{
									"key": "event_details",
									"value": "{\"glossary\": {\"title\": \"example glossary\"}}",
									"type": "text"
								},
								{
									"key": "event_type",
									"value": "testing",
									"type": "text"
								}
							]
						},
						"url": {
							"raw": "{{api_base_url}}/api/v1/event/1",
							"host": [
								"{{api_base_url}}"
							],
							"path": [
								"api",
								"v1",
								"event",
								"1"
							]
						}
					},
					"response": []
				},
				{
					"name": "Delete event",
					"request": {
						"method": "DELETE",
						"header": [
							{
								"key": "Content-Type",
								"value": "application/json"
							},
							{
								"key": "x-authorization",
								"value": "eyJhbGciOiJIUzI1NiIsInR5cCI6IkpXVCJ9.eyJpZCI6MjQsImlhdCI6MTU2MzQ3MTc1MiwiZXhwIjoxNTYzNTU4MTUyfQ.bLTw3COjFwsATnkpAl0vzGDcZXgR7CMiOVdHY0ohy1Q"
							}
						],
						"body": {
							"mode": "raw",
							"raw": ""
						},
						"url": {
							"raw": "{{api_base_url}}/api/v1/event/10",
							"host": [
								"{{api_base_url}}"
							],
							"path": [
								"api",
								"v1",
								"event",
								"10"
							]
						}
					},
					"response": []
				}
			]
		}
	]
}