{
  "swagger": "2.0",
  "info": {
    "description": "SparkXIO API doc",
    "version": "1.0.0",
    "title": "SparkXIO",
    "contact": {
      "email": "akibderaiya123@gmail.com"
    }
  },
  "tags": [
    {
      "name": "Customer",
      "description": "SparkXIO"
    }
  ],
  "paths": {
    "/api/customer": {
      "post": {
        "tags": [
          "Customer"
        ],
        "summary": "Create new customer",
        "operationId": "addCustomer",
        "consumes": [
          "application/json"
        ],
        "produces": [
          "application/json"
        ],
        "parameters": [
          {
            "name": "customer_name",
            "type": "string",
            "in": "body",
            "description": "Name of customer",
            "example": "test",
            "required": true
          },
          {
            "name": "street_address",
            "type": "string",
            "in": "body",
            "description": "Street address of this customer",
            "example": "test",
            "required": true
          }
        ],
        "responses": {
          "200": {
            "description": "Successfull response",
            "schema": {
              "type": "object",
              "properties": {
                "status": {
                  "type": "boolean",
                  "example": true
                },
                "message": {
                  "type": "string",
                  "example": "Customer added"
                }
              }
            }
          },
          "400": {
            "description": "Validation Error",
            "schema": {
              "type": "object",
              "properties": {
                "status": {
                  "type": "boolean",
                  "example": false
                },
                "message": {
                  "type": "string",
                  "example": "Validation message will be here."
                },
                "error": {
                  "type": "string",
                  "example": "Bad request"
                }
              }
            }
          },
          "500": {
            "description": "Internal server error.",
            "schema": {
              "type": "object",
              "properties": {
                "status": {
                  "type": "boolean",
                  "example": false
                },
                "message": {
                  "type": "string",
                  "example": "Something went wrong. Please try again."
                },
                "error": {
                  "type": "string",
                  "example": "Internal server error"
                }
              }
            }
          }
        }
      },
      "get": {
        "tags": [
          "Customer"
        ],
        "security": [
          {
            "x/-authorization": []
          }
        ],
        "summary": "List all the customers",
        "operationId": "listCustomer",
        "consumes": [
          "application/json"
        ],
        "produces": [
          "application/json"
        ],
        "parameters": [
          {
            "name": "limit",
            "type": "integer",
            "in": "query",
            "description": "Total numbers of records per request",
            "example": 10
          },
          {
            "name": "skip",
            "type": "integer",
            "in": "query",
            "description": "Total numbers of records skip per request",
            "example": 10
          },
          {
            "name": "search",
            "type": "string",
            "in": "query",
            "description": "Search on customer name",
            "example": 10
          }
        ],
        "responses": {
          "200": {
            "description": "Successfull response",
            "schema": {
              "type": "object",
              "properties": {
                "status": {
                  "type": "boolean",
                  "example": true
                },
                "message": {
                  "type": "string",
                  "example": "Customer fetch"
                },
                "result": {
                  "type": "object",
                  "properties": {
                    "data": {
                      "type": "array",
                      "items": {
                        "$ref": "#/definitions/fetchCustomerResponse"
                      }
                    },
                    "metaData": {
                      "type": "object",
                      "properties": {
                        "skip": {
                          "type": "integer",
                          "example": 10
                        },
                        "limit": {
                          "type": "integer",
                          "example": 10
                        },
                        "total": {
                          "type": "integer",
                          "example": 20
                        }
                      }
                    }
                  }
                }
              }
            }
          },
          "400": {
            "description": "Validation Error",
            "schema": {
              "type": "object",
              "properties": {
                "status": {
                  "type": "boolean",
                  "example": false
                },
                "message": {
                  "type": "string",
                  "example": "Validation message will be here."
                },
                "error": {
                  "type": "string",
                  "example": "Bad request"
                }
              }
            }
          },
          "403": {
            "description": "Unauthorised user",
            "schema": {
              "type": "object",
              "properties": {
                "status": {
                  "type": "boolean",
                  "example": false
                },
                "message": {
                  "type": "string",
                  "example": "Invalid token"
                },
                "error": {
                  "type": "string",
                  "example": "Unauthorized request"
                }
              }
            }
          },
          "500": {
            "description": "Internal server error.",
            "schema": {
              "type": "object",
              "properties": {
                "status": {
                  "type": "boolean",
                  "example": false
                },
                "message": {
                  "type": "string",
                  "example": "Something went wrong. Please try again."
                },
                "error": {
                  "type": "string",
                  "example": "Internal server error"
                }
              }
            }
          }
        }
      }
    },
    "api/customer/:id": {
      "get": {
        "tags": [
          "Customer"
        ],
        "security": [
          {
            "x/-authorization": []
          }
        ],
        "summary": "Get only one customers details",
        "operationId": "fetchSingleCustomer",
        "consumes": [
          "application/json"
        ],
        "produces": [
          "application/json"
        ],
        "parameters": [
          {
            "name": "id",
            "type": "integer",
            "in": "param",
            "description": "Id of customer",
            "example": 10,
            "required": true
          }
        ],
        "responses": {
          "200": {
            "description": "Successfull response",
            "schema": {
              "type": "object",
              "properties": {
                "status": {
                  "type": "boolean",
                  "example": true
                },
                "message": {
                  "type": "string",
                  "example": "Customer fetch"
                },
                "data": {
                  "type": "object",
                  "properties": {
                    "id": {
                      "type": "integer",
                      "example": 1
                    },
                    "customer_id": {
                      "type": "string",
                      "example": "C15623"
                    },
                    "customer_name": {
                      "type": "string",
                      "example": "test"
                    },
                    "street_address": {
                      "type": "string",
                      "example": "address"
                    },
                    "created_at": {
                      "type": "string",
                      "example": "2018-12-11T18:48:49.000Z"
                    },
                    "updated_at": {
                      "type": "string",
                      "example": "2018-12-11T18:48:49.000Z"
                    }
                  }
                }
              }
            }
          },
          "400": {
            "description": "Validation Error",
            "schema": {
              "type": "object",
              "properties": {
                "status": {
                  "type": "boolean",
                  "example": false
                },
                "message": {
                  "type": "string",
                  "example": "Validation message will be here."
                },
                "error": {
                  "type": "string",
                  "example": "Bad request"
                }
              }
            }
          },
          "403": {
            "description": "Unauthorised user",
            "schema": {
              "type": "object",
              "properties": {
                "status": {
                  "type": "boolean",
                  "example": false
                },
                "message": {
                  "type": "string",
                  "example": "Invalid token"
                },
                "error": {
                  "type": "string",
                  "example": "Unauthorized request"
                }
              }
            }
          },
          "500": {
            "description": "Internal server error.",
            "schema": {
              "type": "object",
              "properties": {
                "status": {
                  "type": "boolean",
                  "example": false
                },
                "message": {
                  "type": "string",
                  "example": "Something went wrong. Please try again."
                },
                "error": {
                  "type": "string",
                  "example": "Internal server error"
                }
              }
            }
          }
        }
      },
      "put": {
        "tags": [
          "Customer"
        ],
        "security": [
          {
            "x/-authorization": []
          }
        ],
        "summary": "Update customers details",
        "operationId": "updateCustomer",
        "consumes": [
          "application/json"
        ],
        "produces": [
          "application/json"
        ],
        "parameters": [
          {
            "name": "id",
            "type": "integer",
            "in": "param",
            "description": "Id of customer",
            "example": 10,
            "required": true
          },
          {
            "name": "customer_name",
            "type": "string",
            "in": "body",
            "description": "Name of customer",
            "example": "test",
            "required": true
          },
          {
            "name": "street_address",
            "type": "string",
            "in": "body",
            "description": "Street address of this customer",
            "example": "test",
            "required": true
          }
        ],
        "responses": {
          "200": {
            "description": "Successfull response",
            "schema": {
              "type": "object",
              "properties": {
                "status": {
                  "type": "boolean",
                  "example": true
                },
                "message": {
                  "type": "string",
                  "example": "Customer updated"
                }
              }
            }
          },
          "400": {
            "description": "Validation Error/No record for update record",
            "schema": {
              "type": "object",
              "properties": {
                "status": {
                  "type": "boolean",
                  "example": false
                },
                "message": {
                  "type": "string",
                  "example": "Validation message will be here./Sorry we have no record which you want to update"
                },
                "error": {
                  "type": "string",
                  "example": "Bad request"
                }
              }
            }
          },
          "403": {
            "description": "Unauthorised user",
            "schema": {
              "type": "object",
              "properties": {
                "status": {
                  "type": "boolean",
                  "example": false
                },
                "message": {
                  "type": "string",
                  "example": "Invalid token"
                },
                "error": {
                  "type": "string",
                  "example": "Unauthorized request"
                }
              }
            }
          },
          "500": {
            "description": "Internal server error.",
            "schema": {
              "type": "object",
              "properties": {
                "status": {
                  "type": "boolean",
                  "example": false
                },
                "message": {
                  "type": "string",
                  "example": "Something went wrong. Please try again."
                },
                "error": {
                  "type": "string",
                  "example": "Internal server error"
                }
              }
            }
          }
        }
      },
      "delete": {
        "tags": [
          "Customer"
        ],
        "security": [
          {
            "x/-authorization": []
          }
        ],
        "summary": "Delete customer",
        "operationId": "deleteCustomer",
        "consumes": [
          "application/json"
        ],
        "produces": [
          "application/json"
        ],
        "parameters": [
          {
            "name": "id",
            "type": "integer",
            "in": "param",
            "description": "Id of customer",
            "example": 10,
            "required": true
          }
        ],
        "responses": {
          "200": {
            "description": "Successfull response",
            "schema": {
              "type": "object",
              "properties": {
                "status": {
                  "type": "boolean",
                  "example": true
                },
                "message": {
                  "type": "string",
                  "example": "Customer Deleted"
                }
              }
            }
          },
          "400": {
            "description": "Validation Error/No record for delete record",
            "schema": {
              "type": "object",
              "properties": {
                "status": {
                  "type": "boolean",
                  "example": false
                },
                "message": {
                  "type": "string",
                  "example": "Validation message will be here./Sorry we have no record which you want to delete"
                },
                "error": {
                  "type": "string",
                  "example": "Bad request"
                }
              }
            }
          },
          "403": {
            "description": "Unauthorised user",
            "schema": {
              "type": "object",
              "properties": {
                "status": {
                  "type": "boolean",
                  "example": false
                },
                "message": {
                  "type": "string",
                  "example": "Invalid token"
                },
                "error": {
                  "type": "string",
                  "example": "Unauthorized request"
                }
              }
            }
          },
          "500": {
            "description": "Internal server error.",
            "schema": {
              "type": "object",
              "properties": {
                "status": {
                  "type": "boolean",
                  "example": false
                },
                "message": {
                  "type": "string",
                  "example": "Something went wrong. Please try again."
                },
                "error": {
                  "type": "string",
                  "example": "Internal server error"
                }
              }
            }
          }
        }
      }
    }
  },
  "securityDefinitions": {
    "x/-authorization": {
      "type": "apiKey",
      "name": "x-authorization",
      "in": "header"
    }
  },
  "definitions": {
    "fetchCustomerResponse": {
      "type": "object",
      "properties": {
        "id": {
          "type": "integer",
          "example": 1
        },
        "customer_id": {
          "type": "string",
          "example": "C15623"
        },
        "customer_name": {
          "type": "string",
          "example": "test"
        },
        "street_address": {
          "type": "string",
          "example": "address"
        },
        "created_at": {
          "type": "string",
          "example": "2018-12-11T18:48:49.000Z"
        },
        "updated_at": {
          "type": "string",
          "example": "2018-12-11T18:48:49.000Z"
        }
      }
    }
  },
  "host": "http://localhost:3000",
  "schemes": [
    "http"
  ]
}