{
  "swagger": "2.0",
  "info": {
    "description": "SparkXIO API doc",
    "version": "1.0.0",
    "title": "SparkXIO",
    "contact": {
      "email": "akibderaiya123@gmail.com"
    }
  },
  "tags": [
    {
      "name": "Location",
      "description": "SparkXIO"
    }
  ],
  "paths": {
    "/api//login": {
      "post": {
        "tags": [
          "Location"
        ],
        "summary": "Add new location",
        "operationId": "addLocation",
        "consumes": [
          "application/json"
        ],
        "produces": [
          "application/json"
        ],
        "parameters": [
          {
            "name": "location_name",
            "type": "string",
            "in": "body",
            "description": "location name",
            "example": "test",
            "required": true
          },
          {
            "name": "street_address",
            "type": "string",
            "in": "body",
            "description": "address of this location",
            "example": "location address",
            "required": true
          },
          {
            "name": "longitude",
            "type": "string",
            "in": "body",
            "description": "Longitude of this location",
            "example": 22.025,
            "required": true
          },
          {
            "name": "latitude",
            "type": "string",
            "in": "body",
            "description": "latitude of this location",
            "example": 22.025,
            "required": true
          },
          {
            "name": "location_type",
            "type": "string",
            "in": "body",
            "description": "location type",
            "enum": [
              "building",
              "open-area"
            ],
            "required": true
          },
          {
            "name": "floors",
            "type": "integer",
            "in": "body",
            "description": "total numbers of floors in this location. If location is open-area then i guess it will be blank.",
            "example": 1,
            "required": true
          },
          {
            "name": "customer_id",
            "type": "integer",
            "in": "body",
            "description": "Owner of this location",
            "example": 1,
            "required": true
          }
        ],
        "responses": {
          "200": {
            "description": "Successfull response",
            "schema": {
              "type": "object",
              "properties": {
                "status": {
                  "type": "boolean",
                  "example": true
                },
                "message": {
                  "type": "string",
                  "example": "Location added successfull"
                }
              }
            }
          },
          "400": {
            "description": "Validation Error",
            "schema": {
              "type": "object",
              "properties": {
                "status": {
                  "type": "boolean",
                  "example": false
                },
                "message": {
                  "type": "string",
                  "example": "Validation message will be here."
                },
                "error": {
                  "type": "string",
                  "example": "Bad request"
                }
              }
            }
          },
          "500": {
            "description": "Internal server error.",
            "schema": {
              "type": "object",
              "properties": {
                "status": {
                  "type": "boolean",
                  "example": false
                },
                "message": {
                  "type": "string",
                  "example": "Something went wrong. Please try again."
                },
                "error": {
                  "type": "string",
                  "example": "Internal server error"
                }
              }
            }
          }
        }
      },
      "get": {
        "tags": [
          "Location"
        ],
        "summary": "Fetch all locations",
        "operationId": "listLocation",
        "consumes": [
          "application/json"
        ],
        "produces": [
          "application/json"
        ],
        "parameters": [
          {
            "name": "search",
            "type": "string",
            "in": "query",
            "description": "Search on location name and location address",
            "example": "test"
          },
          {
            "name": "customer",
            "type": "number",
            "in": "query",
            "description": "Search by particular user",
            "example": 1
          },
          {
            "name": "location_type",
            "type": "string",
            "in": "query",
            "description": "Search by location type",
            "enum": [
              "building",
              "open-area"
            ]
          },
          {
            "name": "limit",
            "type": "number",
            "in": "query",
            "description": "Total number of records per request",
            "example": 10
          },
          {
            "name": "skip",
            "type": "number",
            "in": "query",
            "description": "Skip records particular request",
            "example": 5
          }
        ],
        "responses": {
          "200": {
            "description": "Successfull response",
            "schema": {
              "type": "object",
              "properties": {
                "status": {
                  "type": "boolean",
                  "example": true
                },
                "message": {
                  "type": "string",
                  "example": "Location fetched successfully"
                }
              }
            }
          },
          "400": {
            "description": "Validation Error",
            "schema": {
              "type": "object",
              "properties": {
                "status": {
                  "type": "boolean",
                  "example": false
                },
                "message": {
                  "type": "string",
                  "example": "Validation message will be here."
                },
                "error": {
                  "type": "string",
                  "example": "Bad request"
                }
              }
            }
          },
          "500": {
            "description": "Internal server error.",
            "schema": {
              "type": "object",
              "properties": {
                "status": {
                  "type": "boolean",
                  "example": false
                },
                "message": {
                  "type": "string",
                  "example": "Something went wrong. Please try again."
                },
                "error": {
                  "type": "string",
                  "example": "Internal server error"
                }
              }
            }
          }
        }
      }
    },
    "/api/check-access": {
      "post": {
        "tags": [
          "User"
        ],
        "security": [
          {
            "x/-authorization": []
          }
        ],
        "summary": "Check access for component",
        "operationId": "checkAccess",
        "consumes": [
          "application/json"
        ],
        "produces": [
          "application/json"
        ],
        "parameters": [
          {
            "name": "component",
            "type": "string",
            "in": "body",
            "description": "name of component",
            "example": "dashboard"
          }
        ],
        "responses": {
          "200": {
            "description": "Successfull response",
            "schema": {
              "type": "object",
              "properties": {
                "status": {
                  "type": "boolean",
                  "example": true
                },
                "data": {
                  "type": "object",
                  "properties": {
                    "flag": {
                      "type": "boolean",
                      "example": "true/false"
                    }
                  }
                }
              }
            }
          },
          "400": {
            "description": "Validation Error",
            "schema": {
              "type": "object",
              "properties": {
                "status": {
                  "type": "boolean",
                  "example": false
                },
                "message": {
                  "type": "string",
                  "example": "Validation message will be here."
                },
                "error": {
                  "type": "string",
                  "example": "Bad request"
                }
              }
            }
          },
          "403": {
            "description": "Unauthorised user",
            "schema": {
              "type": "object",
              "properties": {
                "status": {
                  "type": "boolean",
                  "example": false
                },
                "message": {
                  "type": "string",
                  "example": "Invalid token"
                },
                "error": {
                  "type": "string",
                  "example": "Unauthorized request"
                }
              }
            }
          },
          "500": {
            "description": "Internal server error.",
            "schema": {
              "type": "object",
              "properties": {
                "status": {
                  "type": "boolean",
                  "example": false
                },
                "message": {
                  "type": "string",
                  "example": "Something went wrong. Please try again."
                },
                "error": {
                  "type": "string",
                  "example": "Internal server error"
                }
              }
            }
          }
        }
      }
    },
    "/api/user-request": {
      "post": {
        "tags": [
          "User"
        ],
        "summary": "Add new user for join sparkxio",
        "operationId": "addNewUserRequest",
        "consumes": [
          "application/json"
        ],
        "produces": [
          "application/json"
        ],
        "parameters": [
          {
            "name": "name",
            "type": "string",
            "in": "body",
            "description": "name of joiner",
            "example": "test",
            "required": true
          },
          {
            "name": "email",
            "type": "string",
            "in": "body",
            "description": "email of joiner",
            "example": "test@gmail.com",
            "required": true
          }
        ],
        "responses": {
          "200": {
            "description": "Successfull response",
            "schema": {
              "type": "object",
              "properties": {
                "status": {
                  "type": "boolean",
                  "example": true
                },
                "message": {
                  "type": "string",
                  "example": "Your request is taken. We will review in 2 business days."
                }
              }
            }
          },
          "400": {
            "description": "Already active user present",
            "schema": {
              "type": "object",
              "properties": {
                "status": {
                  "type": "boolean",
                  "example": false
                },
                "error": {
                  "type": "string",
                  "example": "Not acceptable"
                },
                "message": {
                  "type": "string",
                  "example": "We have already active user with this email. Please request with another email"
                }
              }
            }
          },
          "500": {
            "description": "Internal server error./Already add request for join",
            "schema": {
              "type": "object",
              "properties": {
                "status": {
                  "type": "boolean",
                  "example": false
                },
                "message": {
                  "type": "string",
                  "example": "This email has already request. / Something went wrong. Please try again."
                },
                "error": {
                  "type": "string",
                  "example": "Internal server error"
                }
              }
            }
          }
        }
      }
    }
  },
  "securityDefinitions": {
    "x/-authorization": {
      "type": "apiKey",
      "name": "x-authorization",
      "in": "header"
    }
  },
  "definitions": null,
  "host": "http://localhost:3000",
  "schemes": [
    "http"
  ]
}