{
  "swagger": "2.0",
  "info": {
    "description": "SparkXIO API doc",
    "version": "1.0.0",
    "title": "SparkXIO",
    "contact": {
      "email": "akibderaiya123@gmail.com"
    }
  },
  "tags": [
    {
      "name": "User",
      "description": "SparkXIO"
    }
  ],
  "paths": {
    "/api//login": {
      "post": {
        "tags": [
          "User"
        ],
        "summary": "Login user",
        "operationId": "login",
        "consumes": [
          "application/json"
        ],
        "produces": [
          "application/json"
        ],
        "parameters": [
          {
            "name": "email",
            "type": "string",
            "in": "body",
            "description": "Email of user",
            "example": "test@gmail.com"
          },
          {
            "name": "password",
            "type": "string",
            "in": "body",
            "description": "Password of user",
            "example": "test"
          }
        ],
        "responses": {
          "200": {
            "description": "Successfull response",
            "schema": {
              "type": "object",
              "properties": {
                "status": {
                  "type": "boolean",
                  "example": true
                },
                "message": {
                  "type": "string",
                  "example": "Login successfull"
                },
                "data": {
                  "type": "object",
                  "properties": {
                    "email": {
                      "type": "string",
                      "example": "test@gmail.com"
                    },
                    "user_id": {
                      "type": "integer",
                      "example": 1
                    },
                    "name": {
                      "type": "string",
                      "example": "Test user"
                    }
                  }
                },
                "token": {
                  "type": "string",
                  "example": "long string will be here"
                }
              }
            }
          },
          "400": {
            "description": "Validation Error",
            "schema": {
              "type": "object",
              "properties": {
                "status": {
                  "type": "boolean",
                  "example": false
                },
                "message": {
                  "type": "string",
                  "example": "Validation message will be here."
                },
                "error": {
                  "type": "string",
                  "example": "Bad request"
                }
              }
            }
          },
          "401": {
            "description": "Wrong creadentials",
            "schema": {
              "type": "object",
              "properties": {
                "status": {
                  "type": "boolean",
                  "example": false
                },
                "message": {
                  "type": "string",
                  "example": "User with this email is not found./Invalid password."
                },
                "error": {
                  "type": "string",
                  "example": "No record found"
                }
              }
            }
          },
          "500": {
            "description": "Internal server error.",
            "schema": {
              "type": "object",
              "properties": {
                "status": {
                  "type": "boolean",
                  "example": false
                },
                "message": {
                  "type": "string",
                  "example": "Something went wrong. Please try again."
                },
                "error": {
                  "type": "string",
                  "example": "Internal server error"
                }
              }
            }
          }
        }
      }
    },
    "/api/check-access": {
      "post": {
        "tags": [
          "User"
        ],
        "security": [
          {
            "x/-authorization": []
          }
        ],
        "summary": "Check access for component",
        "operationId": "checkAccess",
        "consumes": [
          "application/json"
        ],
        "produces": [
          "application/json"
        ],
        "parameters": [
          {
            "name": "component",
            "type": "string",
            "in": "body",
            "description": "name of component",
            "example": "dashboard"
          }
        ],
        "responses": {
          "200": {
            "description": "Successfull response",
            "schema": {
              "type": "object",
              "properties": {
                "status": {
                  "type": "boolean",
                  "example": true
                },
                "data": {
                  "type": "object",
                  "properties": {
                    "flag": {
                      "type": "boolean",
                      "example": "true/false"
                    }
                  }
                }
              }
            }
          },
          "400": {
            "description": "Validation Error",
            "schema": {
              "type": "object",
              "properties": {
                "status": {
                  "type": "boolean",
                  "example": false
                },
                "message": {
                  "type": "string",
                  "example": "Validation message will be here."
                },
                "error": {
                  "type": "string",
                  "example": "Bad request"
                }
              }
            }
          },
          "403": {
            "description": "Unauthorised user",
            "schema": {
              "type": "object",
              "properties": {
                "status": {
                  "type": "boolean",
                  "example": false
                },
                "message": {
                  "type": "string",
                  "example": "Invalid token"
                },
                "error": {
                  "type": "string",
                  "example": "Unauthorized request"
                }
              }
            }
          },
          "500": {
            "description": "Internal server error.",
            "schema": {
              "type": "object",
              "properties": {
                "status": {
                  "type": "boolean",
                  "example": false
                },
                "message": {
                  "type": "string",
                  "example": "Something went wrong. Please try again."
                },
                "error": {
                  "type": "string",
                  "example": "Internal server error"
                }
              }
            }
          }
        }
      }
    },
    "/api/user-request": {
      "post": {
        "tags": [
          "User"
        ],
        "summary": "Add new user for join sparkxio",
        "operationId": "addNewUserRequest",
        "consumes": [
          "application/json"
        ],
        "produces": [
          "application/json"
        ],
        "parameters": [
          {
            "name": "name",
            "type": "string",
            "in": "body",
            "description": "name of joiner",
            "example": "test",
            "required": true
          },
          {
            "name": "email",
            "type": "string",
            "in": "body",
            "description": "email of joiner",
            "example": "test@gmail.com",
            "required": true
          }
        ],
        "responses": {
          "200": {
            "description": "Successfull response",
            "schema": {
              "type": "object",
              "properties": {
                "status": {
                  "type": "boolean",
                  "example": true
                },
                "message": {
                  "type": "string",
                  "example": "Your request is taken. We will review in 2 business days."
                }
              }
            }
          },
          "400": {
            "description": "Already active user present",
            "schema": {
              "type": "object",
              "properties": {
                "status": {
                  "type": "boolean",
                  "example": false
                },
                "error": {
                  "type": "string",
                  "example": "Not acceptable"
                },
                "message": {
                  "type": "string",
                  "example": "We have already active user with this email. Please request with another email"
                }
              }
            }
          },
          "500": {
            "description": "Internal server error./Already add request for join",
            "schema": {
              "type": "object",
              "properties": {
                "status": {
                  "type": "boolean",
                  "example": false
                },
                "message": {
                  "type": "string",
                  "example": "This email has already request. / Something went wrong. Please try again."
                },
                "error": {
                  "type": "string",
                  "example": "Internal server error"
                }
              }
            }
          }
        }
      }
    }
  },
  "securityDefinitions": {
    "x/-authorization": {
      "type": "apiKey",
      "name": "x-authorization",
      "in": "header"
    }
  },
  "definitions": null,
  "host": "http://localhost:3000",
  "schemes": [
    "http"
  ]
}