[{
    "tag": "button",
    "name": "title",
    "type": "button",
    "value": "BOOK RELEASE",
    "className": "form-control",
    "eventTypeId" : "1"
},
{
    "tag": "button",
    "name": "title",
    "type": "button",
    "value": "GIVEAWAY",
    "className": "form-control",
    "eventTypeId" : "2"
}, {
    "tag": "button",
    "name": "title",
    "type": "button",
    "value": "COVER REVEAL PROMO",
    "className": "form-control",
    "eventTypeId" : "3"
}, {
    "tag": "button",
    "name": "title",
    "type": "button",
    "value": "RELEASE PARTY",
    "className": "form-control",
    "eventTypeId" : "4"
}, {
    "tag": "button",
    "name": "title",
    "type": "button",
    "value": "COVER REVEAL",
    "className": "form-control",
    "eventTypeId" : "5"
}, {
    "tag": "button",
    "name": "title",
    "type": "button",
    "value": "BOOK SIGNING",
    "className": "form-control",
    "placeholder": "Title*",
    "eventTypeId" : "6"
}, {
    "tag": "button",
    "name": "title",
    "type": "button",
    "value": "ARC SIGN UP",
    "className": "form-control",
    "placeholder": "Title*",
    "eventTypeId" : "7"
}
]